Workbook

Sheet Summary
A1: Cardstack — build status
A2: Generated 2026-08-03 from the working tree at commit 0303abf. Counts are live formulas over the other tabs.
A4: Area | B4: Done | C4: Partial | D4: Open | E4: Descoped | F4: Total | G4: % Done
A5: Backend | B5: =COUNTIF('Backend'!$C$5:$C$42,B$4) | C5: =COUNTIF('Backend'!$C$5:$C$42,C$4) | D5: =COUNTIF('Backend'!$C$5:$C$42,D$4) | E5: =COUNTIF('Backend'!$C$5:$C$42,E$4) | F5: =SUM(B5:E5) | G5: =IFERROR(B5/(F5-E5),0)
A6: Frontend (Studio) | B6: =COUNTIF('Frontend (Studio)'!$C$5:$C$28,B$4) | C6: =COUNTIF('Frontend (Studio)'!$C$5:$C$28,C$4) | D6: =COUNTIF('Frontend (Studio)'!$C$5:$C$28,D$4) | E6: =COUNTIF('Frontend (Studio)'!$C$5:$C$28,E$4) | F6: =SUM(B6:E6) | G6: =IFERROR(B6/(F6-E6),0)
A7: Widgets | B7: =COUNTIF('Widgets'!$C$5:$C$25,B$4) | C7: =COUNTIF('Widgets'!$C$5:$C$25,C$4) | D7: =COUNTIF('Widgets'!$C$5:$C$25,D$4) | E7: =COUNTIF('Widgets'!$C$5:$C$25,E$4) | F7: =SUM(B7:E7) | G7: =IFERROR(B7/(F7-E7),0)
A8: Milestones | B8: =COUNTIF('Milestones'!$C$5:$C$16,B$4) | C8: =COUNTIF('Milestones'!$C$5:$C$16,C$4) | D8: =COUNTIF('Milestones'!$C$5:$C$16,D$4) | E8: =COUNTIF('Milestones'!$C$5:$C$16,E$4) | F8: =SUM(B8:E8) | G8: =IFERROR(B8/(F8-E8),0)
A9: Design refs | B9: =COUNTIF('Design refs'!$C$5:$C$38,B$4) | C9: =COUNTIF('Design refs'!$C$5:$C$38,C$4) | D9: =COUNTIF('Design refs'!$C$5:$C$38,D$4) | E9: =COUNTIF('Design refs'!$C$5:$C$38,E$4) | F9: =SUM(B9:E9) | G9: =IFERROR(B9/(F9-E9),0)
A10: Open work | B10: =COUNTIF('Open work'!$C$5:$C$16,B$4) | C10: =COUNTIF('Open work'!$C$5:$C$16,C$4) | D10: =COUNTIF('Open work'!$C$5:$C$16,D$4) | E10: =COUNTIF('Open work'!$C$5:$C$16,E$4) | F10: =SUM(B10:E10) | G10: =IFERROR(B10/(F10-E10),0)
A11: TOTAL | B11: =SUM(B5:B10) | C11: =SUM(C5:C10) | D11: =SUM(D5:D10) | E11: =SUM(E5:E10) | F11: =SUM(F5:F10) | G11: =IFERROR(B11/(F11-E11),0)
A13: How to read this
A14: Done | B14: Built and verified — tests, a demo script, or driven in the browser this session.
A15: Partial | B15: Something real ships, but the design reference or milestone is not fully met. Notes say which half.
A16: Open | B16: Not built.
A17: Descoped | B17: Deliberately parked. Excluded from the % Done denominator, since it is not outstanding work.
A19: Status column | B19: A dropdown on every detail tab — edit it as work lands and the Summary counts follow.
A20: Evidence | B20: Where to look in the repo. '-' means nothing exists yet.
A21: Caveat | B21: Status reflects code presence + this session's verification, not a fresh QA pass of every surface.

Sheet Backend
A1: Backend — MCP server, adapters, store, auth
A2: 38 items · status column is a dropdown — edit it as work lands
A4: Area | B4: Item | C4: Status | D4: Notes | E4: Evidence (file / path)
A5: MCP tool — read | B5: crm_list_objects | C5: Done | D5: Lists exposed objects for the workspace. | E5: apps/mcp-server/src/server.ts
A6: MCP tool — read | B6: crm_search | C6: Done | D6: Golden Path 1. Returns the results-table widget. | E6: apps/mcp-server/src/server.ts
A7: MCP tool — read | B7: crm_get_record | C7: Done | D7: The record card. Denylist-filtered server-side. | E7: apps/mcp-server/src/server.ts
A8: MCP tool — read | B8: crm_get_related | C8: Done | D8: Related lists + drill-through. | E8: apps/mcp-server/src/server.ts
A9: MCP tool — read | B9: crm_list_view | C9: Done | D9: M2.5 saved views, alias routing, ambiguous-ask picker. | E9: apps/mcp-server/src/views.ts
A10: MCP tool — read | B10: crm_lookup_search | C10: Done | D10: Typeahead for reference fields in edit mode. | E10: apps/mcp-server/src/server.ts
A11: MCP tool — read | B11: crm_aggregate | C11: Done | D11: Exact server-side totals, optionally grouped. | E11: apps/mcp-server/src/server.ts
A12: MCP tool — read | B12: crm_home | C12: Done | D12: M4 home card: list tiles, recents, follow-ups. | E12: apps/mcp-server/src/server.ts
A13: MCP tool — write | B13: crm_preview_update | C13: Done | D13: Server-computed confirmation diff + signed confirm token. Writes nothing. | E13: apps/mcp-server/src/server.ts
A14: MCP tool — write | B14: crm_update_record | C14: Done | D14: Verifies the confirm token before writing; bad token aborts. | E14: apps/mcp-server/src/server.ts
A15: MCP tool — write | B15: crm_preview_complete_task | C15: Done | D15: Mints the token behind the home card's inline check-off confirm. | E15: apps/mcp-server/src/server.ts
... A39: Security | B39: One signing floor for all write paths | C39: Done | D39: Interview + quick-action state share the confirm-token signer. Fixed unsigned passthrough when no key set. | E39: apps/mcp-server/src/confirm-token.ts
A40: Ops | B40: /healthz reports commit + boot time | C40: Done | E40: apps/mcp-server/src/main.ts
A41: Ops | B41: Railway deploy (2 services + Postgres) | C41: Done | D41: MCP server + Studio, both live. | E41: -
A42: Ops | B42: pnpm lint runs zero tasks | C42: Open | D42: No lint task is defined in any package, so 'pnpm lint' silently passes without linting anything. | E42: turbo.json

Sheet Frontend (Studio)
A1: Frontend — Cardstack Studio (Next.js admin UI)
A2: 24 items · status column is a dropdown — edit it as work lands
A4: Area | B4: Item | C4: Status | D4: Notes | E4: Evidence (file / path)
A5: Studio shell | B5: Navigation shell (12b) | C5: Done | D5: Cards / Workspace nav, per-object sub-nav. | E5: apps/studio/components
A6: Studio shell | B6: Sign-in page | C6: Done | D6: Salesforce OAuth. | E6: apps/studio/app/login
A7: Studio page | B7: Overview / home (6b) | C7: Done | D7: Per-object cards, metadata-gap nudges, publish history. | E7: apps/studio/app/page.tsx
A8: Studio page | B8: Card design / layout builder (2a) | C8: Done | D8: Palette + dnd canvas + REAL-widget live preview. The demo moment. | E8: apps/studio/app/objects/[object]/layouts
A9: Studio page | B9: Lists & views (5a) | C9: Done | D9: Exposure config, aliases, object-aware placeholders. | E9: apps/studio/app/objects/[object]/lists
A10: Studio page | B10: Write access / permissions (2e) | C10: Done | D10: Confirmation locked ON, stated as product stance. | E10: apps/studio/app/objects/[object]/permissions
A11: Studio page | B11: Assignment (2f-2i) | C11: Partial | D11: v1 teaching state only: one default layout. Audience matrix + View-as not built. | E11: apps/studio/app/objects/[object]/assignment
A12: Studio page | B12: Home card builder (8a) | C12: Done | D12: Block toggles with REAL HomeCard preview; publish bumps revision. | E12: apps/studio/app/home-card
A13: Studio page | B13: Flows admin | C13: Done | D13: Exposes org flows, assigns to cards, auto-maps variables. | E13: apps/studio/app/flows
A14: Studio page | B14: Connections (2c) | C14: Done | D14: Admin + per-user OAuth lanes, trust framing, scope coverage. | E14: apps/studio/app/connections
A15: Studio page | B15: Write activity / audit | C15: Done | D15: Now includes the Confirmation column + CSV provenance columns. | E15: apps/studio/app/audit
... A28: Studio a11y | B28: Publish modal Escape + focus trap | C28: Done | D28: UX review 11, Studio half. | E28: apps/studio/components/builder

Sheet Widgets
A1: Widgets — the four MCP App bundles reps actually see
A2: 21 items · status column is a dropdown — edit it as work lands
A4: Area | B4: Item | C4: Status | D4: Notes | E4: Evidence (file / path)
A5: Record card | B5: Read-only render (1a) | C5: Done | D5: Sections, header slots, badges, field tooltips. | E5: packages/widgets/src/record-card
A6: Record card | B6: Edit mode / dirty state (1b) | C6: Done | D6: Explicit state machine; at-rest mark on editable fields. | E6: packages/widgets/src/record-card/edit-machine.ts
A7: Record card | B7: Confirmation diff (1c) | C7: Done | D7: NOW SERVER-COMPUTED via crm_preview_update; label-based, never color-alone. | E7: packages/widgets/src/record-card/card.tsx
A8: Record card | B8: Write receipt (4c) | C8: Done | D8: Per-field outcomes; re-fetched display values. | E8: packages/widgets/src/record-card/write-states.tsx
A9: Record card | B9: Partial failure + Edit & retry (1e) | C9: Done | D9: Verbatim CRM validation messages per field. | E9: packages/widgets/src/record-card/write-states.tsx
A10: Record card | B10: Drill-through | C10: Done | D10: Clickable refs and related rows open in-card. | E10: packages/widgets/src/record-card/card.tsx
A11: Record card | B11: View in CRM deep link | C11: Done | E11: packages/widgets/src/record-card/card.tsx
A12: Record card | B12: In-widget create form (10b) | C12: Descoped | D12: Parked with crm_create_record. Posts a chat followup instead. | E12: packages/widgets/src/record-card/card.tsx
A13: Results table | B13: Table + drill-in (1f) | C13: Done | D13: Rows open the record card inside the table widget. | E13: packages/widgets/src/results-table
A14: Home card | B14: Tiles / recents / follow-ups (7a) | C14: Done | D14: Live counts; real LastViewedDate; no fabricated timestamps. | E14: packages/widgets/src/home-card
A15: Home card | B15: Task check-off | C15: Done | D15: Inline confirm now backed by a server-minted token. | E15: packages/widgets/src/home-card/card.tsx
A16: Flow run | B16: Native screen rendering (10a) | C16: Done | D16: All element kinds; back; confirm-write pause. | E16: packages/widgets/src/flow-run
A17: Flow run | B17: 380px breakpoint | C17: Done | D17: Was the only widget without one. | E17: packages/widgets/src/flow-run/flow-run.css
A18: Cross-widget | B18: Dark mode / host tokens (1d) | C18: Done | E18: packages/widgets/src/shared/theme.css
A19: Cross-widget | B19: Mobile 380 (1g) | C19: Done | D19: Container queries, not media queries, so Studio preview matches. | E19: packages/widgets/src/shared
A20: Cross-widget | B20: 'as of HH:MM' chip | C20: Done | D20: Staleness down-payment from provenance.fetchedAt. | E20: packages/widgets/src/shared/components.tsx
A21: Cross-widget | B21: Stale-card strip + Refresh (1e) | C21: Open | D21: Full 1e treatment not built. An old card still looks live apart from the as-of chip. | E21: -
A22: Cross-widget | B22: Re-auth state | C22: Done | D22: Keeps in-progress edits mounted. | E22: packages/widgets/src/record-card
A23: Cross-widget | B23: aria-live on write transitions | C23: Open | D23: Verified ZERO aria-live in packages/widgets/src. confirming->receipt/partial is silent to screen readers. | E23: -
A24: Cross-widget | B24: Focus management on view swaps | C24: Open | D24: Verified ZERO .focus() calls. Focus dies on unmounted elements after drill-in/Back. | E24: -
A25: Cross-widget | B25: combobox aria-activedescendant | C25: Open | D25: UX review 11, widget half. | E25: -

Sheet Milestones
A1: Milestones — PLAN.md M0–M7
A2: 12 items · status column is a dropdown — edit it as work lands
A4: Area | B4: Item | C4: Status | D4: Notes | E4: Evidence (file / path)
A5: Milestone | B5: M0 - hello-world MCP App round trip | C5: Done | D5: Widget renders, widget->tool round trip, updateModelContext. | E5: PLAN.md
A6: Milestone | B6: M1 - read-only card + results table | C6: Done | D6: Golden Path 1. pnpm demo:m1 passes. | E6: apps/mcp-server/scripts/demo-m1.ts
A7: Milestone | B7: M2 - writes, confirm, receipt, audit | C7: Done | D7: Golden Path 2. pnpm demo:m2 passes (now walks the token path). | E7: apps/mcp-server/scripts/demo-m2.ts
A8: Milestone | B8: M2.5 - saved views | C8: Done | D8: Golden Path 2.5. pnpm demo:m2.5 passes. | E8: apps/mcp-server/scripts/demo-m25.ts
A9: Milestone | B9: M3 - Studio core | C9: Done | D9: Golden Path 3. pnpm demo:m3 passes. | E9: apps/mcp-server/scripts/demo-m3.ts
A10: Milestone | B10: M4 - home card + builder + tasks | C10: Done | D10: pnpm demo:m4 passes. | E10: apps/mcp-server/scripts/demo-m4.ts
A11: Milestone | B11: M5 - flows | C11: Done | D11: Native interpreter, flows admin, quick actions. No demo script yet. | E11: packages/core/src/flow-interview.ts
A12: Milestone | B12: M6 - custom screen SDK | C12: Partial | D12: Editor scaffolded; runtime not live. Largest net-new subsystem remaining. | E12: apps/studio/components/custom-screens-editor.tsx
A13: Milestone | B13: M7 - hardening / registry / evals | C13: Open | D13: Not started. Confirmation provenance was the first M7-adjacent piece. | E13: -
A14: Beyond plan | B14: Cardstack accounts + multi-workspace | C14: Done | D14: Not in the original milestone map; shipped ahead of it. | E14: docs/accounts-and-workspaces.md
A15: Beyond plan | B15: Per-user MCP OAuth | C15: Done | D15: Ditto. | E15: apps/mcp-server/src/oauth-provider.ts
A16: Beyond plan | B16: Local dev against a real SF org | C16: Done | D16: seed:salesforce + dev:sf using the sf CLI token in memory only. | E16: CLAUDE.md

Sheet Design refs
A1: Design references — /design README ids
A2: 34 items · status column is a dropdown — edit it as work lands
A4: Area | B4: Item | C4: Status | D4: Notes | E4: Evidence (file / path)
A5: Design ref | B5: 1a Record card, read-only | C5: Done | E5: design/README.md
A6: Design ref | B6: 1b Edit mode / dirty state | C6: Done | E6: design/README.md
A7: Design ref | B7: 1c Confirmation diff (signing moment) | C7: Done | E7: design/README.md
A8: Design ref | B8: 1d Dark mode | C8: Done | E8: design/README.md
A9: Design ref | B9: 1e Edge states | C9: Partial | D9: Loading/empty/error done; stale strip open. | E9: design/README.md
A10: Design ref | B10: 1f Results table | C10: Done | E10: design/README.md
A11: Design ref | B11: 1g Mobile 380 | C11: Done | E11: design/README.md
A12: Design ref | B12: 1h Stress test | C12: Done | E12: design/README.md
A13: Design ref | B13: 2a Layout builder | C13: Done | E13: design/README.md
A14: Design ref | B14: 2b Publish flow | C14: Done | E14: design/README.md
A15: Design ref | B15: 2c Connect & onboarding | C15: Done | E15: design/README.md
A16: Design ref | B16: 2e Permissions | C16: Done | E16: design/README.md
A17: Design ref | B17: 2f-2i Assignment matrix / View-as | C17: Partial | D17: Teaching state only. | E17: design/README.md
A18: Design ref | B18: 3a Actions editor | C18: Done | E18: design/README.md
A19: Design ref | B19: 3b Related list picker | C19: Partial | D19: Dedupe/group/filter shipped; relationship metadata open. | E19: design/README.md
A20: Design ref | B20: 3c Object picker | C20: Done | E20: design/README.md
A21: Design ref | B21: 3d Requirements pass-through | C21: Partial | D21: Required chips + server enforcement; full pass-through open. | E21: design/README.md
A22: Design ref | B22: 3e Audience picker | C22: Open | E22: design/README.md
A23: Design ref | B23: 3f Rules in the widget | C23: Partial | D23: Verbatim CRM validation shipped; rules read-through open. | E23: design/README.md
A24: Design ref | B24: 4c Write receipt | C24: Done | E24: design/README.md
A25: Design ref | B25: 5a List views page | C25: Done | E25: design/README.md
A26: Design ref | B26: 5b List resolution | C26: Done | E26: design/README.md
A27: Design ref | B27: 6a IA map | C27: Done | E27: design/README.md
A28: Design ref | B28: 6b Studio home | C28: Done | E28: design/README.md
A29: Design ref | B29: 7a Home card | C29: Done | E29: design/README.md
A30: Design ref | B30: 8a Home card builder | C30: Done | E30: design/README.md
A31: Design ref | B31: 9a Add-block menu | C31: Done | E31: design/README.md
A32: Design ref | B32: 10a Screen flow mid-run | C32: Done | E32: design/README.md
A33: Design ref | B33: 10b Home actions + create form | C33: Descoped | D33: Descoped with crm_create_record. | E33: design/README.md
A34: Design ref | B34: 10c Add action picker | C34: Partial | D34: Platform flows hidden; writes-summary open. | E34: design/README.md
A35: Design ref | B35: 11a Custom screen SDK editor | C35: Partial | D35: Editor only - 'Preview, not yet live'. | E35: design/README.md
A36: Design ref | B36: 11c Embedded screen | C36: Open | E36: design/README.md
A37: Design ref | B37: 12a Record card w/ custom section | C37: Open | E37: design/README.md
A38: Design ref | B38: 12b Studio navigation shell | C38: Done | E38: design/README.md

Sheet Open work
A1: Open work — what's left, ranked by area
A2: 12 items · status column is a dropdown — edit it as work lands
A4: Area | B4: Item | C4: Status | D4: Notes | E4: Evidence (file / path)
A5: Accessibility | B5: Widget a11y pass | C5: Open | D5: aria-live for write states, focus management on drill-in/Back, aria-activedescendant. Design commits to a full keyboard path; the widget half is at zero. | E5: packages/widgets/src
A6: Trust | B6: Stale-card strip + Refresh (1e) | C6: Open | D6: Biggest remaining trust gap for a card living in a chat scrollback. | E6: -
A7: Studio | B7: Audience picker (3e) + assignment matrix (2f-2i) + View-as | C7: Open | D7: Blocks role-based layouts (roadmap V1). | E7: -
A8: Studio | B8: Custom screen SDK runtime (M6, 11a) | C8: Open | D8: Editor exists; guardrails, versioning and the live runtime do not. | E8: -
A9: Studio | B9: Embedded screen (11c) / custom card section (12a) | C9: Open | D9: Depend on M6. | E9: -
A10: Flows | B10: Surface silent handoff degrades | C10: Open | D10: MY FINDING: a flow can stop rendering natively mid-run with no admin-facing signal. | E10: apps/mcp-server/src/server.ts
A11: Polish | B11: Activity/recents hygiene (13) | C11: Open | D11: Relative times; due-date styled as 'due X' not a timeline stamp. | E11: -
A12: Polish | B12: Shared governance vocabulary (14) | C12: Open | D12: Layouts publish; lists and flows go live immediately. Three mental models, no shared badge. | E12: -
A13: Polish | B13: Zero-count home tiles (15) | C13: Open | D13: Empty lists take premium home-card slots. | E13: -
A14: Tooling | B14: pnpm lint defines no tasks | C14: Open | D14: MY FINDING: lint silently passes without linting. | E14: turbo.json
A15: Docs | B15: CLAUDE.md 'Current phase' is stale | C15: Open | D15: Still describes M4 as current; M5, flows, quick actions, OAuth and accounts all shipped after. | E15: CLAUDE.md
A16: Descoped | B16: crm_create_record confirm surface | C16: Descoped | D16: Your call 2026-08-03: not needed right now. Revisit with in-widget create (10b) if creation becomes a rep-facing need. | E16: -
